id,created_at,updated_at,address,code,end_time,latitude,longitude,name,start_time,penalty_cost,dx_code
263,1658998070069,1658998070079,"Building CT2B, Khu đô thị Tây Hồ Tây, Cổ Nhuế 1, Bắc Từ Liêm, Hà Nội",C263,79200,21.0511521,105.7932438,WinMart+ CT2B Cổ Nhuế,27000,1100,62e24d35a8246413de0ac69e
5,1658895662824,1658895662855,"T1, Toà 170 La Thành, P. Ô Chợ Dừa, Q. Đống Đa, Hà Nội",C5,75600,21.0207133,105.8275735,VinMart La Thành,28800,1000,62e0bd2e2c553306621a185a
154,1658979373830,1658979373837,"Chelsea Park, 116 Trung Kính, Phường Yên Hòa, Quận Cầu Giấy, Thành phố Hà Nội",C154,79200,21.0186652,105.7932229,"WinMart+ Chelsea Park, Trung Kính",28800,1250,62e2042da8246413de0abc89
69,1658972743346,1658972743357,"19 Trúc Khê, Phường Láng Hạ, Quận Đống Đa, Hà Nội",C69,73800,21.0157246,105.8082071,WinMart Trúc Khê,27000,1200,62e1ea47a8246413de0ab63a
15,1658896108495,1658896108518,"Số 188 Phố Tây Sơn, Thị Trấn Phùng, Huyện Đan Phượng, Thành Phố Hà Nội",C15,75600,21.0836401,105.6725277,VinMart Đan Phượng,28800,1000,62e0beec2c553306621a1918
42,1658900561570,1658900561587,"20 Nguyễn Thiếp, Phường Nguyễn Trung Trực, Quận Ba Đình, Thành phố Hà Nội",C42,74700,21.040892,105.8490093,WinMart+ 20 Nguyễn Thiếp,27900,1100,62e0d0502c553306621a26b9
222,1658996468972,1658996468978,"Winmart+ 59 Mai Hắc Đế, Mai Hắc Đế, Bùi Thị Xuân, Hai Bà Trưng, Hà Nội",C222,79200,21.0145224,105.8511623,WinMart+ 59 Mai Hắc Đế,27000,1300,62e246f4a8246413de0ac285
327,1659033842013,1659033842029,"91 P. Khâm Thiên, Khâm Thiên, Đống Đa, Hà Nội, Việt Nam",C327,75600,21.0189548,105.8375806,Circle K - 91 Khâm Thiên,25200,1100,62e2d8f1fb8c560e0ddb086b
342,1659034819444,1659034819451,"N8A1 P. Nguyễn Thị Thập, Nhân Chính, Thanh Xuân, Hà Nội, Việt Nam",C342,75600,21.0045437,105.7996073,Circle k - N8A1 Nguyễn Thị Thập,25200,1100,62e2dcc3fb8c560e0ddb0988
173,1658980491868,1658980491882,"120A P. Nguyễn An Ninh, Tương Mai, Hoàng Mai, Hà Nội, Việt Nam",C173,79200,20.9914297,105.8445979,WinMart+ 120A Nguyễn An Ninh,28800,1250,62e2088ba8246413de0abdf2
368,1659037440932,1659037440938,"146 P. Kim Mã, Kim Mã, Ba Đình, Hà Nội 10000, Việt Nam",C368,79200,21.0320874,105.8261264,Điện Máy Xanh 146 Kim Mã,28800,2100,62e2e700fb8c560e0ddb0b76
43,1658900594596,1658900594615,"27 Phạm Hồng Thái, Phường Trúc Bạch, Quận Ba Đình, Thành phố Hà Nội",C43,74700,21.0435916,105.8449674,WinMart+ 27 Phạm Hồng Thái,27900,1100,62e0d0722c553306621a26cc
135,1658977057946,1658977057953,"52 P. Trung Kính, Trung Hoà, Cầu Giấy, Hà Nội, Việt Nam",C135,79200,21.0140179,105.7973584,WinMart+  Trung Kính,28800,1250,62e1fb21a8246413de0abb20
292,1658998896468,1658998896475,"WinMart+ - 20 Ngô Thì Nhậm, Phường Hà Cầu, Quận Hà Đông, Thành phố Hà Nội",C292,79200,20.9688272,105.7692128,WinMart+ - 20 Ngô Thì Nhậm,27000,1100,62e25070a8246413de0ac8c5
37,1658900062846,1658900062863,"47 Phó Đức Chính, Trúc Bạch, Ba Đình, Hà Nội, Việt Nam",C37,73800,21.048936,105.841036,WinMart+ 47 Phó Đức Chính,27000,1200,62e0ce5e2c553306621a2507
153,1658979330706,1658979330713,"Số 12 phố P. Phạm Tuấn Tài, Dịch Vọng Hậu, Cầu Giấy, Hà Nội, Việt Nam",C153,79200,21.0417797,105.7869201,WinMart+ 12 Phạm Tuấn Tài,28800,1250,62e20402a8246413de0abc76
373,1659037648374,1659037648382,"110 Trần Phú, Khu đô thị Mỗ Lao, Hà Đông, Hà Nội 10000, Việt Nam",C373,79200,20.9790294,105.7853602,Siêu thị Điện máy XANH  - 110 Trần Phú,28800,2100,62e2e7d0fb8c560e0ddb0bd5
140,1658978765916,1658978765941,"639 Phố Vũ Tông Phan, Khương Đình, Thanh Xuân, Hà Nội",C140,79200,20.98258,105.8167033,WinMart+ 639 Vũ Tông Phan,28800,1250,62e201cda8246413de0abb7f
46,1658900699955,1658900699965,"20 Nghĩa Dũng, Phường Phúc Xá, Quận Ba Đình, Thành phố Hà Nội",C46,74700,21.0488103,105.8456755,WinMart+ 20 Nghĩa Dũng,27900,1100,62e0d0db2c553306621a2705
201,1658995720287,1658995720311,"1d Ngõ 405 Ngọc Thụy, Ngọc Thụy, Long Biên, Hà Nội",C201,79200,21.0621545,105.8614703,WinMart+ 1D Ngõ 405 Ngọc Thụy,27000,1300,62e24407a8246413de0ac0f6
17,1658896343259,1658896343283,"Tầng Hầm B1 - TTTM Vincom Phạm Ngọc Thạch, Số 2 Phạm Ngọc Thạch, Phường Trung Tự, Quận Đống Đa,  Thành Phố Hà Nội",C17,75600,21.0062871,105.831843,VinMart Phạm Ngọc Thạch,28800,1000,62e0bfd62c553306621a193e
29,1658897255795,1658897255810,"60 Tứ Hiệp, Thị trấn Văn Điển, Huyện Thanh Trì, Thành phố Hà Nội",C29,75600,20.9486349,105.8455084,"WinMart+ - 60 Tứ Hiệp, Thanh Trì",28800,1000,62e0c3672c553306621a1a22
158,1658979625961,1658979625967,"86 P. Quan Nhân, Nhân Chính, Thanh Xuân, Hà Nội, Việt Nam",C158,79200,21.0068217,105.8118879,WinMart+ Quan Nhân,28800,1250,62e20529a8246413de0abcd5
325,1659033796108,1659033796117,"62 Trần Hưng Đạo, Hoàn Kiếm, Hà Nội, Việt Nam",C325,75600,21.0221733,105.8489029,Circle K - 62 Trần Hưng Đạo,25200,1100,62e2d8c3fb8c560e0ddb0845
362,1659037117413,1659037117419,"55 P. Nguyễn Hoàng, Phú Mỹ, Từ Liêm, Hà Nội, Việt Nam",C362,79200,21.0320869,105.773378,Điện máy xanh - 55 P. Nguyễn Hoàng,28800,2100,62e2e5bdfb8c560e0ddb0b04
350,1659036698634,1659036698645,"218 Nguyễn Huy Tưởng, Thanh Xuân Trung, Thanh Xuân, Hà Nội, Việt Nam",C350,75600,20.996892,105.803578,Circle K - 218 Nguyễn Huy Tưởng,25200,1100,62e2e41afb8c560e0ddb0a20
337,1659034324732,1659034324745,"420 Đ. La Thành, Chợ Dừa, Đống Đa, Hà Nội, Việt Nam",C337,75600,21.0228949,105.8222371,Circle K - 420 La Thành,25200,1100,62e2dad4fb8c560e0ddb0929
290,1658998853325,1658998853333,"WinMart+ - 136 Nguyễn Viết Xuân, Phường Quang Trung, Quận Hà Đông, Thành phố Hà Nội",C290,79200,20.9702167,105.768827,WinMart+ - 136 Nguyễn Viết Xuân,27000,1100,62e25044a8246413de0ac89f
41,1658900438946,1658900438980,"69 Vạn Bảo, Phường Liễu Giai, Quận Ba Đình, Thành phố Hà Nội",C41,73800,21.0333895,105.8170932,WinMart+ 69 Vạn Bảo,27000,1200,62e0cfd62c553306621a2553
164,1658980026440,1658980026449,"Số 147 Ngh. 93/28 P. Hoàng Văn Thái, P, Thanh Xuân, Hà Nội, Việt Nam",C164,79200,20.9950819,105.8241944,WinMart+ 147 Hoàng Văn Thái,28800,1250,62e206baa8246413de0abd47
49,1658900795981,1658900796000,"93 Ngõ Núi Trúc, Phường Kim Mã, Quận Ba Đình, Thành phố Hà Nội",C49,74700,21.0304473,105.824861,WinMart+ 93 Ngõ Núi Trúc,27900,1100,62e0d13b2c553306621a273e
330,1659033937351,1659033937357,"2 Phố Hoàng Ngân, Trung Hoà, Thanh Xuân, Hà Nội, Việt Nam",C330,75600,21.0071688,105.8115855,Circle K - 2 Phố Hoàng Ngân,25200,1100,62e2d951fb8c560e0ddb08a4
202,1658995838868,1658995838876,"207 Đức Giang, Thượng Thanh, Long Biên, Hà Nội",C202,79200,21.0696354,105.8816692,WinMart+ 207 Đức Giang,27000,1300,62e2447ea8246413de0ac109
192,1658981211233,1658981211242,"1 Ngõ 250 Đường Kim Giang, Kim Văn, Đại Kim, Hoàng Mai, Hà Nội",C192,79200,20.9792056,105.8205412,WinMart+ 1 Ngõ 250 Kim Giang,28800,1250,62e20b5aa8246413de0abf5b
223,1658996576907,1658996576919,"310 P. Minh Khai, Minh Khai, Hai Bà Trưng, Hà Nội, Việt Nam",C223,79200,20.995806,105.861092,WinMart+ 310 Minh Khai,27000,1300,62e24760a8246413de0ac2b6
226,1658996723588,1658996723598,"86 Phố Lạc Trung, Vĩnh Tuy, Hai Bà Trưng, Hà Nội",C226,79200,21.0031451,105.863833,WinMart+ 86 Lạc Trung,27000,1300,62e247f3a8246413de0ac2ef
314,1659031908260,1659031908273,"69 Đền Lừ 2, Hoàng Văn Thụ, Hoàng Mai, Hà Nội, Việt Nam",C314,75600,20.9858885,105.8578098,Circle K 69 Đền Lừ 2,25200,1100,62e2d163fb8c560e0ddb0774
187,1658981066594,1658981066605,"589 Trương Định, Thịnh Liệt, Hoàng Mai, Hà Nội",C187,79200,20.9812164,105.845372,WinMart+ 589 Trương Định,28800,1250,62e20acaa8246413de0abefc
54,1658901094509,1658901094527,"224 P. Khâm Thiên, Khâm Thiên, Đống Đa, Hà Nội, Việt Nam",C54,74700,21.0193059,105.8351354,WinMart+ 224 Khâm Thiên,27900,1100,62e0d2662c553306621a279d
256,1658997787762,1658997787770,"WinMart+, 44 Phố Nguyễn Hoàng, Mỹ Đình 2, Từ Liêm, Hà Nội",C256,79200,21.0314336,105.774488,WinMart+ 44 Nguyễn Hoàng,27000,1100,62e24c1ba8246413de0ac619
147,1658979091792,1658979091817,"WinMart+, 152 Phố Yên Hòa, Yên Hoà, Cầu Giấy, Hà Nội",C147,79200,21.0234101,105.7943758,WinMart+ 90 Dương Quảng Hàm,28800,1250,62e20313a8246413de0abc04
278,1658998470048,1658998470057,"212 Đường Cổ Nhuế, phường, Cổ Nhuế 2, Bắc Từ Liêm, Hà Nội",C278,79200,21.063956,105.779958,WinMart+ 212 Cổ Nhuế,27000,1100,62e24ec5a8246413de0ac7bb
277,1658998451692,1658998451699,"272 Đường Thụy Phương, làng Chèm, Thụy Phương, Từ Liêm, Hà Nội",C277,79200,21.0927482,105.7777914,WinMart+ 272 Thụy Phương,27000,1100,62e24eb3a8246413de0ac7a8
110,1658975949034,1658975949042,"WinMart+ 95 Ba Thá, Ứng Hòa",C110,73800,20.8066279,105.7098129,WinMart+ 95 Ba Thá,27000,1200,62e1f6cca8246413de0ab945
318,1659032044855,1659032044863,"149C P. Lò Đúc, Đống Mác, Hai Bà Trưng, Hà Nội, Việt Nam",C318,75600,21.010473,105.860179,Circle K - 149C P. Lò Đúc,25200,1100,62e2d1ecfb8c560e0ddb07c0
177,1658980662147,1658980662155,WinMart+ 53 Ngõ 467 Lĩnh Nam,C177,79200,20.9825137,105.8816702,WinMart+ Lĩnh Nam,28800,1250,62e20935a8246413de0abe3e
109,1658975931319,1658975931327,"WinMart+ - 543 Thanh Lương, Xã Bích Hòa, Huyện Thanh Oai, Thành phố Hà Nội",C109,73800,20.9093072,105.7622588,"WinMart+ - 543 Thanh Lương, Bích Hòa, Thanh Oai",27000,1200,62e1f6bba8246413de0ab932
75,1658973184014,1658973184021,"Tầng hầm B1 - TTTM Vincom Bắc Từ Liêm. Số 234 Phạm Văn Đồng, P. Cổ Nhuế 1, Quận Bắc Từ Liêm, Thành Phố Hà Nội",C75,73800,21.0530292,105.7800956,WinMart Bắc Từ Liêm,27000,1200,62e1ebffa8246413de0ab6ac
33,1658899934739,1658899934786,"35B Xuân La, Phường Xuân La, Quận Tây Hồ, Thành phố Hà Nội",C33,73800,21.061832,105.8080094,WinMart+ 35B Xuân La,27000,1200,62e0cdde2c553306621a24bb
71,1658972953179,1658972953192,"P. Văn Tân, Khu đô thị Tây Nam Linh Đàm, Hoàng Mai, Hà Nội, Việt Nam",C71,73800,20.9637169,105.8235546,WinMart Linh Đàm,27000,1200,62e1eb18a8246413de0ab660
344,1659034878436,1659034878444,"5 Nguyễn Quý Đức, Khu tập thể Thanh Xuân Bắc, Thanh Xuân, Hà Nội, Việt Nam",C344,75600,20.9913234,105.799553,Circle k - 5 Nguyễn Quý Đức,25200,1100,62e2dcfefb8c560e0ddb09ae
12,1658895943782,1658895943881,"131 Nguyễn Văn Cừ, Phường Ngọc Lâm, Quận Long Biên, Hà NộiSố 8 Quang Trung, P. Quang Trung, Q. Hà Đông, Hà Nội",C12,75600,20.9724074,105.7770757,VinMart Hà Đông 2,28800,1000,62e0be462c553306621a18df
242,1658997409411,1658997409429,"WinMart+, 66 Đại Cồ Việt, Lê Đại Hành, Hai Bà Trưng, Hà Nội",C242,79200,21.0084179,105.8474426,WinMart+ 66 Đại Cổ Việt,27000,1100,62e24aa1a8246413de0ac50f
345,1659034902162,1659034902168,"38 Đào Duy Từ, Hàng Buồm, Hoàn Kiếm, Hà Nội, Việt Nam",C345,75600,21.0359567,105.8527333,Circle k - 38 Đào Duy Từ,25200,1100,62e2dd15fb8c560e0ddb09c1
275,1658998410451,1658998410461,"31 Đ. Xuân Đỉnh, Xuân Tảo, Từ Liêm, Hà Nội",C275,79200,21.0699492,105.8016547,WinMart+ 31 Xuân Đỉnh,27000,1100,62e24e8aa8246413de0ac782
293,1658998923553,1658998923563,"148 Phố Lê Lợi, Nguyễn Trãi, Hà Đông, Hà Nội",C293,79200,20.9675526,105.7805081,WinMart+ 148 Lê Lợi,27000,1100,62e2508ba8246413de0ac8d8
38,1658900091895,1658900091914,"50 Đ. Nguyễn Hoàng Tôn, Xuân La, Từ Liêm, Hà Nội, Việt Nam",C38,73800,21.0715449,105.8064137,WinMart+ 50 Nguyễn Hoàng Tôn,27000,1200,62e0ce7b2c553306621a251a
247,1658997534545,1658997534556,"194 Phố Minh Khai, Minh Khai, Hai Bà Trưng, Hà Nội",C247,79200,20.9952768,105.854344,WinMart+ 194 Minh Khai,27000,1100,62e24b1ea8246413de0ac56e
183,1658980835870,1658980835882,"26 Thúy Lĩnh, Lĩnh Nam, Hoàng Mai, Hà Nội",C183,79200,20.9775992,105.8918666,WinMart+ 26 Thúy Lĩnh,28800,1250,62e209e3a8246413de0abeb0
331,1659034027466,1659034027473,"45 P. Hào Nam, Chợ Dừa, Đống Đa, Hà Nội, Việt Nam",C331,75600,21.0225915,105.8263294,Circle K - 45 Hào Nam,25200,1100,62e2d9abfb8c560e0ddb08b7
121,1658976515279,1658976515293,"Ngách 6 Ng. 15 An D. Vương, Phú Thượng, Tây Hồ, Hà Nội, Việt Nam",C121,73800,21.0869945,105.8146509,WinMart+ Packexim,27000,1200,62e1f902a8246413de0aba16
7,1658895743988,1658895744004,"Tràng An Complex, Số 1 Phùng Chí Kiên, Nghĩa Đô, Cầu Giấy, Hà Nội",C7,75600,21.044011,105.8028368,VinMart Tràng An,28800,1000,62e0bd7f2c553306621a1880
217,1658996329344,1658996329351,"24 Phố Sài Đồng, Sài Đồng, Long Biên, Hà Nội",C217,79200,21.0332449,105.9095876,WinMart+ 24 Sài Đồng,27000,1300,62e24669a8246413de0ac226
156,1658979523642,1658979523652,"64 P. Cự Lộc, Nhân Chính, Thanh Xuân, Hà Nội, Việt Nam",C156,79200,21.002933,105.811708,WinMart+ 64 Cự Lộc,28800,1250,62e204c3a8246413de0abcaf
335,1659034172700,1659034172706,"Rice City Linh Đàm - Tòa Trung, G1, Hoàng Mai, Hà Nội, Việt Nam",C335,75600,20.9633858,105.8230591,Circle K - Rice City Linh Đàm,25200,1100,62e2da3cfb8c560e0ddb0903
265,1658998114036,1658998114043,"Số 464 Đ. Hoàng Công Chất, Cầu Diễn, Bắc Từ Liêm, Hà Nội, Việt Nam",C265,79200,21.0484953,105.7693356,WinMart+ 464 Hoàng Công Chất,27000,1100,62e24d61a8246413de0ac6c4
27,1658897102629,1658897102652,"204 Giang Cao, Bát Tràng, Gia Lâm, Hà Nội",C27,75600,20.9788994,105.9160607,WinMart+ Bát Tràng,28800,1000,62e0c2ce2c553306621a19fc
209,1658996102935,1658996102945,"271 Phố Bồ Đề, Lâm Du, Bồ Đề, Long Biên, Hà Nội",C209,79200,21.0336659,105.8775066,WinMart+  Ngõ 22 Phố Phú Viên,27000,1300,62e24586a8246413de0ac18e
220,1658996418760,1658996418767,"Số 47 ngõ 187, phố P. Hồng Mai, Quỳnh Lôi, Hai Bà Trưng, Hà Nội, Việt Nam",C220,79200,20.9993386,105.8567028,WinMart+ 47 Ngõ 187 Hồng Mai,27000,1300,62e246c2a8246413de0ac25f
255,1658997770938,1658997770946,"Intracom 1, Trung Văn, Nam Từ Liêm, Hà Nội",C255,79200,20.990675,105.7877654,WinMart+ Intracom Trung Văn,27000,1100,62e24c0aa8246413de0ac606
238,1658997275900,1658997275908,"Số 145 phố, P. Lò Đúc, Đống Mác, Hai Bà Trưng, Hà Nội, Việt Nam",C238,79200,21.009874,105.8605751,WinMart+ 145 Lò Đúc,27000,1100,62e24a1ba8246413de0ac4c3
312,1659031861733,1659031861744,"A8 P. Tôn Thất Tùng, Kim Liên, Đống Đa, Hà Nội, Việt Nam",C312,75600,21.0043525,105.8311572,Circle K A8 Tôn Thất Tùng,25200,1100,62e2d135fb8c560e0ddb074e
143,1658978988846,1658978988853,"số 82 Đ. Nguyễn Tuân, Thanh Xuân Trung, Thanh Xuân, Hà Nội, Việt Nam",C143,79200,20.9966826,105.8053548,WinMart+ 82 Nguyễn Tuân,28800,1250,62e202aca8246413de0abbb8
171,1658980413279,1658980413312,"WinMart+, 85 Phố Yên Sở, Khu đô thị Yên Duyên, Yên Sở, Hoàng Mai, Hà Nội",C171,79200,20.967042,105.870371,WinMart+ 85 Yên Sở,28800,1250,62e2083ca8246413de0abdcc
102,1658975432297,1658975432306,"56B Đinh Tiên Hoàng, Phường Ngô Quyền, Thị xã Sơn Tây, Thành phố Hà Nội",C102,73800,21.1429395,105.5029561,"WinMart+ Đinh Tiên Hoàng, Sơn Tây",27000,1200,62e1f4c8a8246413de0ab8ad
266,1658998194809,1658998194820,"134 Hoàng Tăng Bí. TDP, Tân Nhuệ, Đông Ngạc, Bắc Từ Liêm, Hà Nội, Việt Nam",C266,79200,21.0827919,105.7821938,WinMart+ Ecohome 2,27000,1100,62e24db2a8246413de0ac6d7
73,1658973074908,1658973074918,"Tầng 2, TTTM Vincom Center Trần duy Hưng, đường Trần Duy Hưng, Trung Hòa, Cầu Giấy, Hà Nội",C73,73800,21.0062226,105.7952365,WinMart VCC HNI Trần Duy Hưng,27000,1200,62e1eb92a8246413de0ab686
44,1658900616962,1658900616984,"28 Nguyễn Thái Học, Phường Điện Biên, Quận Ba Đình, Thành phố Hà Nội",C44,74700,21.0292717,105.8405698,WinMart+28 Nguyễn Thái Học,27900,1100,62e0d0882c553306621a26df
341,1659034771556,1659034771567,"125 P. Hoàng Ngân, Trung Hoà, Cầu Giấy, Hà Nội, Việt Nam",C341,75600,21.0089987,105.8065561,Circle k - 125 Hoàng Ngân,25200,1100,62e2dc93fb8c560e0ddb0975
93,1658974830659,1658974830671,"Số 23 P. Gia Ngư, Hàng Bạc, Hoàn Kiếm, Hà Nội, Việt Nam",C93,73800,21.0331231,105.8527578,WinMart+ 23 Gia Ngư,27000,1200,62e1f26ea8246413de0ab802
366,1659037259977,1659037259984,"61 Đ. Lê Văn Lương, Trung Hoà, Cầu Giấy, Hà Nội, Việt Nam",C366,79200,21.0090458,105.8093154,Siêu thị Điện máy XANH - 61 Đ. Lê Văn Lương,28800,2100,62e2e64bfb8c560e0ddb0b50
144,1658979028855,1658979028865,"WinMart+ - Tòa nhà N07B2 - Khu đô thị mới Dịch Vọng, Thành Thái, Phường Dịch Vọng, Quận Cầu Giấy, Thành phố Hà Nội",C144,79200,21.0377821,105.7969492,WinMart+ N07B2 Dịch Vọng,28800,1250,62e202d4a8246413de0abbcb
74,1658973113874,1658973113883,"Ngõ 28 Đường Xuân La, phường Xuân La, quận Tây Hồ, Hà Nội",C74,73800,21.0652141,105.8077605,WinMart Xuân La,27000,1200,62e1ebb9a8246413de0ab699
357,1659036999503,1659036999515,"260 Đ. Cầu Giấy, Quan Hoa, Cầu Giấy, Hà Nội 10000, Việt Nam",C357,79200,21.0345191,105.7961113,Điện máy xanh - 260 Cầu Giấy,28800,2100,62e2e547fb8c560e0ddb0aa5
32,1658899898181,1658899898208,"123 Âu Cơ, Phường Tứ Liên, Quận Tây Hồ, Thành phố Hà Nội",C32,73800,21.0635658,105.8314034,WinMart+ 123 Âu Cơ,27000,1200,62e0cdb92c553306621a24a8
205,1658995976759,1658995976767,"15 Ng. 68 Đ. Ngọc Thụy, phốTrung Hà, Long Biên, Hà Nội, Việt Nam",C205,79200,21.0497268,105.8659682,WinMart+  Ngọc Thụy,27000,1300,62e24508a8246413de0ac142
340,1659034424528,1659034424538,"7 P. Nguyễn Thị Định, Trung Hoà, Cầu Giấy, Hà Nội, Việt Nam",C340,75600,21.0127125,105.8036719,Circle k - 7 Nguyễn Thị Định,25200,1100,62e2db38fb8c560e0ddb0962
94,1658974890535,1658974890543,"Ga Hà Nội, 120 Đường Lê Duẩn, Văn Miếu, Đống Đa, Hà Nội",C94,73800,21.0242529,105.841029,WinMart+ 120 Lê Duẩn (Ga Hà Nội),27000,1200,62e1f2aaa8246413de0ab815
310,1659031791209,1659031791216,"9 Đường P. Hương Viên, Phường, Hai Bà Trưng, Hà Nội, Việt Nam",C310,75600,21.0129028,105.8562064,Circle K Hương Viên,25200,1100,62e2d0eefb8c560e0ddb0728
214,1658996256936,1658996256945,"97 Phố Sài Đồng, Sài Đồng, Long Biên, Hà Nội",C214,79200,21.0359332,105.910896,WinMart+ 97 Sài Đồng,27000,1300,62e24620a8246413de0ac1ed
19,1658896497248,1658896497280,"Số 183 Hoàng Văn Thái, Phường Khương Trung, Quận Thanh Xuân, Thành phố Hà Nội",C19,75600,20.9975522,105.8228263,WinMart+ Hoàng Văn Thái,28800,1000,62e0c0702c553306621a1964
371,1659037532338,1659037532346,"501 P. Vũ Tông Phan, Khương Đình, Thanh Xuân, Hà Nội, Việt Nam",C371,79200,20.986201,105.8142495,Siêu thị Điện máy XANH 501 P. Vũ Tông Phan,28800,2100,62e2e75cfb8c560e0ddb0baf
64,1658972504182,1658972504195,"1 P.Trung Hòa, Trung Hoà, Cầu Giấy, Hà Nội, Việt Nam",C64,73800,21.0138383,105.8018324,WinMart Trung Yên,27000,1200,62e1e957a8246413de0ab5db
326,1659033817289,1659033817296,"Ngõ 34 P. Mai Anh Tuấn, Chợ Dừa, Đống Đa, Hà Nội, Việt Nam",C326,75600,21.0187335,105.8224546,Circle K - Mai Anh Tuấn,25200,1100,62e2d8d8fb8c560e0ddb0858
98,1658975030992,1658975030998,"8 Phố Lê Văn Linh, Hàng Mã, Hoàn Kiếm, Hà Nội",C98,73800,21.037465,105.845865,WinMart+ Số 8 Lê Văn Linh,27000,1200,62e1f336a8246413de0ab861
338,1659034351895,1659034351902,"83 Hàng Điếu, Cửa Đông, Hoàn Kiếm, Hà Nội, Việt Nam",C338,75600,21.0319939,105.8468804,Circle K Hàng Điếu,25200,1100,62e2daeffb8c560e0ddb093c
197,1658981398729,1658981398737,"100 Đường Nguyễn Sơn, Ngọc Lâm, Long Biên, Hà Nội",C197,79200,21.0473163,105.8770613,WinMart+ 100 Nguyễn Sơn,28800,1250,62e20c16a8246413de0abfba
76,1658973245821,1658973245842,"A1 Vinhomes Gardenia, đường Hàm Nghi, Phường Cầu Diễn, Quận Nam Từ Liêm, Thành Phố Hà Nội",C76,73800,21.0359641,105.7600969,WinMart Gardenia,27000,1200,62e1ec3da8246413de0ab6bf
303,1659031609856,1659031609864,"144 P. Hồng Mai, Bạch Mai, Hai Bà Trưng, Hà Nội, Việt Nam",C303,75600,20.9988981,105.8530086,Circle K 144 Hồng Mai,25200,1100,62e2d039fb8c560e0ddb06a3
246,1658997513904,1658997513911,"601 Phố Kim Ngưu, Vĩnh Tuy, Hai Bà Trưng, Hà Nội",C246,79200,20.9981624,105.8623923,WinMart+ 601 Kim Ngưu,27000,1100,62e24b09a8246413de0ac55b
313,1659031888056,1659031888067,"1A Đầm Trấu, Bạch Đằng, Hai Bà Trưng, Hà Nội, Việt Nam",C313,75600,21.0119554,105.8652486,Circle K 1A Đầm Trấu,25200,1100,62e2d14ffb8c560e0ddb0761
166,1658980094377,1658980094388,"304 Đ. Hoàng Mai, Hoàng Văn Thụ, Hai Bà Trưng, Hà Nội, Việt Nam",C166,79200,20.9874811,105.8585823,WinMart+ 304 Hoàng Mai,28800,1250,62e206fea8246413de0abd6d
40,1658900279341,1658900279355,"140 Đốc Ngữ, Phường Vĩnh Phúc, Quận Ba Đình, Thành phố Hà Nội",C40,73800,21.0382448,105.8128237,WinMart+ 140 Đốc Ngữ,27000,1200,62e0cf362c553306621a2540
182,1658980812020,1658980812029,"182 Phố Đại Từ, Đại Từ, Đại Kim, Hoàng Mai, Hà Nội",C182,79200,20.9711174,105.8335134,WinMart+ 182 Đại Từ,28800,1250,62e209cba8246413de0abe9d
358,1659037029033,1659037029039,"194 Phạm Văn Đồng, Tổ 1, P, Cầu Giấy, Hà Nội, Việt Nam",C358,79200,21.0465783,105.7809096,Điện máy xanh - 194 Phạm Văn Đồng,28800,2100,62e2e564fb8c560e0ddb0ab8
124,1658976667459,1658976667471,"158 P. Thái Thịnh, Thịnh Quang, Đống Đa, Hà Nội, Việt Nam",C124,79200,21.012307,105.816945,WinMart+ 158 Thái Thịnh,28800,1250,62e1f99ba8246413de0aba4f
67,1658972665186,1658972665206,"1 Nguyễn Huy Tưởng, Thanh Xuân Trung, Thanh Xuân, Hà Nội, Việt Nam",C67,73800,20.999531,105.8074389,WinMart Vũ Trọng Phụng,27000,1200,62e1e9f8a8246413de0ab614
130,1658976902113,1658976902121,"166 P. Kim Hoa, Phương Liên, Đống Đa, Hà Nội, Việt Nam",C130,79200,21.0111212,105.8378198,WinMart+ 166 Kim Hoa,28800,1250,62e1fa85a8246413de0abac1
300,1659031511553,1659031511564,"288 Giải Phóng, Phương Liệt, Thanh Xuân, Hà Nội, Việt Nam",C300,75600,20.991114,105.8407034,Circle K Giải Phóng,25200,1100,62e2cfd7fb8c560e0ddb066a
53,1658901064071,1658901064085,"102 Nguyễn Chí Thanh, Phường Láng Thượng, Quận Đống Đa, Thành phố Hà Nội",C53,74700,21.0165329,105.805732,WinMart+ 102 Nguyễn Chí Thanh,27900,1100,62e0d2472c553306621a278a
270,1658998290265,1658998290274,"46 Tăng Thiết Giáp, Cổ Nhuế 2, Bắc Từ Liêm, Hà Nội",C270,79200,21.0574729,105.7809538,WinMart+ 46 Tăng Thiết Giáp,27000,1100,62e24e12a8246413de0ac723
346,1659034964807,1659034964817,"126 P. Nam Cao, Giảng Võ, Ba Đình, Hà Nội, Việt Nam",C346,75600,21.030116,105.822275,Circle k - 126 Nam Cao,25200,1100,62e2dd54fb8c560e0ddb09d4
336,1659034192843,1659034192853,"79 P. Hà Trung, Hàng Bông, Hoàn Kiếm, Hà Nội, Việt Nam",C336,75600,21.0299461,105.8450038,Circle K - 79 P. Hà Trung,25200,1100,62e2da50fb8c560e0ddb0916
206,1658996003586,1658996003593,"195 Hoa Lâm, Trường Lâm, Việt Hưng, Long Biên, Hà Nội",C206,79200,21.0552682,105.8967376,WinMart+ 195 Hoa Lâm,27000,1300,62e24523a8246413de0ac155
138,1658977139731,1658977139739,"122 P. Vọng, Phương Liệt, Hai Bà Trưng, Hà Nội, Việt Nam",C138,79200,20.996905,105.8427279,WinMart+ 122 Phố Vọng,28800,1250,62e1fb73a8246413de0abb59
245,1658997487036,1658997487042,"242 Phố Lê Thanh Nghị, Đồng Tâm, Hai Bà Trưng, Hà Nội",C245,79200,21.0019762,105.8424844,WinMart+ 242 Lê Thanh Nghị,27000,1100,62e24aeea8246413de0ac548
168,1658980230895,1658980230908,"VinMart+, Nguyễn Đức Cảnh, Tương Mai, Hoàng Mai, Hà Nội",C168,79200,20.9879025,105.8517093,VinMart+  Nguyễn Đức Cảnh,28800,1250,62e20786a8246413de0abd93
374,1659037675045,1659037675052,"88 Đ. Trường Chinh, Phương Đình, Đống Đa, Hà Nội 10000, Việt Nam",C374,79200,20.9988352,105.8383131,Siêu thị Điện máy XANH  - 88 Trường Chinh,28800,2100,62e2e7eafb8c560e0ddb0be8
232,1658996959726,1658996959733,"167 Phố Trần Đại Nghĩa, Đồng Tâm, Hai Bà Trưng, Hà Nội",C232,79200,21.0005319,105.8454571,WinMart+ 167 Trần Đại Nghĩa,27000,1100,62e248dfa8246413de0ac451
1,1658895466038,1658895466072,"Tầng B1, TTTM Vincom Center Liễu Giai, Số 29 Liễu Giai, P. Ngọc Khánh, Q. Ba Đình, Hà Nội",C1,75600,21.0311,105.8136648,VinMart Liễu Giai,28800,1000,62e0bc682c553306621a180e
280,1658998535829,1658998535839,"16 Ngô Thì Nhậm, Hà Cầu, Hà Đông, Hà Nội",C280,79200,20.9686767,105.7693715,WinMart+ Liền Kề 16-19 Ngô Thì Nhậm,27000,1100,62e24f07a8246413de0ac7e1
294,1658998952369,1658998952380,"37 Phố Lê Lợi, Nguyễn Trãi, Hà Đông, Hà Nội",C294,79200,20.9711998,105.7776999,WinMart+ 37 Lê Lợi,27000,1100,62e250a8a8246413de0ac8eb
66,1658972579624,1658972579632,"TTTM Thiên Sơn Plaza, 89 Lê Đức Thọ, Phường Mỹ Đình 2, Quận Nam Từ Liêm, Hà Nội",C66,73800,21.0283527,105.7688296,WinMart Lê Đức Thọ,27000,1200,62e1e9a3a8246413de0ab601
161,1658979801951,1658979801962,"WinMart+, 268 Lê Trọng Tấn, Khương Mai, Thanh Xuân, Hà Nội",C161,79200,20.9902864,105.8335593,WinMart+ 268 Lê Trọng Tấn,28800,1250,62e205d9a8246413de0abd0e
225,1658996695849,1658996695861,"348 P. Lạc Trung, Thanh Lương, Hai Bà Trưng, Hà Nội 11622, Việt Nam",C225,79200,21.003158,105.868858,WinMart+ 348 Lạc Trung,27000,1300,62e247d7a8246413de0ac2dc
311,1659031830309,1659031830318,"D22, Nơ 12, Khu đô thị mới Định Công P, Định Công, Hoàng Mai, Hà Nội, Việt Nam",C311,75600,20.9877167,105.8315992,"Circle K D22, N12",25200,1100,62e2d116fb8c560e0ddb073b
163,1658979963204,1658979963212,"WinMart+, Hoàng Văn Thái, Khương Mai, Thanh Xuân, Hà Nội",C163,79200,20.9903456,105.8335762,WinMart+ Hoàng Văn Thái - Khương Mai,28800,1250,62e2067aa8246413de0abd34
176,1658980616553,1658980616559,"402 Đ. Kim Giang, Đại Kim, Thanh Xuân, Hà Nội, Việt Nam",C176,79200,20.9743944,105.8246947,WinMart+ 402 Kim Giang,28800,1250,62e20908a8246413de0abe2b
264,1658998089458,1658998089467,"357 Đ. Xuân Đỉnh, phường Xuân Đỉnh, Tây Hồ, Hà Nội",C264,79200,21.0716561,105.790145,WinMart+ 357 Xuân Đỉnh,27000,1100,62e24d49a8246413de0ac6b1
101,1658975366457,1658975366467,"WinMart+ - BT4-B-1.3-7, Khu đô thị mới Đặng Xá II, Đặng Xá, Gia Lâm, Hà Nội",C101,73800,21.0287612,105.9611748,"WinMart+ Khu đô thị mới, Gia Lâm",27000,1200,62e1f486a8246413de0ab89a
157,1658979550721,1658979550732,"22 P. Bùi Xương Trạch, Khương Đình, Thanh Xuân, Hà Nội, Việt Nam",C157,79200,20.9916094,105.8172299,WinMart+ 22 Bùi Xương Trạch,28800,1250,62e204dea8246413de0abcc2
80,1658974170704,1658974170712,"T8, 458 Đường Minh Khai, Khu đô thị Times City, phường Vĩnh Tuy, quận Hai Bà Trưng, thành phố Hà Nội",C80,73800,20.9939208,105.8695352,WinMart Times City,27000,1200,62e1efdaa8246413de0ab70b
307,1659031714583,1659031714594,"6 Trần Khát Chân, Thanh Lương, Hai Bà Trưng, Hà Nội, Việt Nam",C307,75600,21.007863,105.863606,Circle K 6 Trần Khát Chân,25200,1100,62e2d0a2fb8c560e0ddb06ef
189,1658981114434,1658981114443,"68 Phố Yên Duyên, Yên Sở, Hoàng Mai, Hà Nội",C189,79200,20.9724033,105.8681474,WinMart+ 68 Yên Duyên,28800,1250,62e20afaa8246413de0abf22
57,1658901193995,1658901194011,"1132 Đường Láng, Phường Láng Thượng, Quận Đống Đa, Thành phố Hà Nội",C57,74700,21.0252216,105.7986565,WinMart+ 1132 Đường Láng,27900,1100,62e0d2c92c553306621a27d6
365,1659037199661,1659037199667,"421 Đường Phạm Văn Đồng, Tổ dân phố Hoàng 14, Bắc Từ Liêm, Hà Nội, Việt Nam",C365,79200,21.0605827,105.7836325,Điện máy xanh - 421 Đường Phạm Văn Đồng,28800,2100,62e2e60ffb8c560e0ddb0b3d
334,1659034153935,1659034153941,"204 Đ. Trần Quang Khải, Tràng Tiền, Hoàn Kiếm, Hà Nội, Việt Nam",C334,75600,21.0276965,105.8580662,Circle K - 204 Trần Quang Khải,25200,1100,62e2da29fb8c560e0ddb08f0
142,1658978847348,1658978847357,WinMart+ 232 Khương Đình,C142,79200,20.9925281,105.8134928,WinMart+ 232 Khương Đình,28800,1250,62e2021ea8246413de0abba5
186,1658980967242,1658980967254,"207 Định Công Thượng, Định Công, Thanh Xuân, Hà Nội, Việt Nam",C186,79200,20.9846035,105.8232334,WinMart+ 207 Định Công Thượng,28800,1250,62e20a66a8246413de0abee9
48,1658900780278,1658900780307,"104C Ngọc Hà, Phường Đội Cấn, Quận Ba Đình, Thành phố Hà Nội",C48,74700,21.0373032,105.8309626,WinMart+ 104C Ngọc Hà,27900,1100,62e0d12b2c553306621a272b
169,1658980265033,1658980265040,"Lô 8-3A. Khu công nghiệp, Đ. Tam Trinh, Hoàng Văn Thụ, Hoàng Mai, Hà Nội 11713, Việt Nam",C169,79200,20.9863393,105.8635604,WinMart+ Lô 8- 3A Kcn Hoàng Mai,28800,1250,62e207a8a8246413de0abda6
215,1658996279709,1658996279718,"38 Phố Trường Lâm, Ô Cách, Đức Giang, Long Biên, Hà Nội",C215,79200,21.0620238,105.8962722,WinMart+ 38 Trường Lâm,27000,1300,62e24637a8246413de0ac200
355,1659036868808,1659036868815,"22 P. Phan Kế Bính, Cống Vị, Ba Đình, Hà Nội, Việt Nam",C355,75600,21.0346364,105.8119449,Circle K - 22 P. Phan Kế Bính,25200,1100,62e2e4c4fb8c560e0ddb0a7f
165,1658980059164,1658980059173,"WinMart+, Phố Tô Vĩnh Diện, Khương Trung, Thanh Xuân, Hà Nội",C165,79200,21.0001159,105.8220386,WinMart+ Số 3 Tô Vĩnh Diện,28800,1250,62e206daa8246413de0abd5a
122,1658976556859,1658976556867,"443 Đội Cấn, Vĩnh Phú, Ba Đình, Hà Nội, Việt Nam",C122,73800,21.0380512,105.8106722,WinMart+ Đội Cấn,27000,1200,62e1f92ca8246413de0aba29
68,1658972713193,1658972713202,"HH2 - Meco Complex, Tầng 1, Toà, Ng. 102 Trường Chinh, Phương Đình, Đống Đa, Hà Nội, Việt Nam",C68,73800,20.9999732,105.8363229,WinMart Trường Chinh,27000,1200,62e1ea28a8246413de0ab627
348,1659036417058,1659036417070,"105 Phố Chùa Láng, Láng Thượng, Đống Đa, Hà Nội, Việt Nam",C348,75600,21.0232494,105.8048936,Circle K - 105 Phố Chùa Láng,25200,1100,62e2e300fb8c560e0ddb09fa
227,1658996760713,1658996760722,"WinMart+, Đê Tô Hoàng, Cầu Dền, Hai Bà Trưng, Hà Nội",C227,79200,21.0074001,105.8499148,WinMart+ 38 Đê Tô Hoàng,27000,1300,62e24818a8246413de0ac302
302,1659031567100,1659031567110,"12 Đ. Tam Trinh, Vĩnh Tuy, Hoàng Mai, Hà Nội, Việt Nam",C302,75600,20.9958667,105.8627569,Circle K Tam Trinh,25200,1100,62e2d00efb8c560e0ddb0690
297,1659031436247,1659031436254,"232 P. Lạc Trung, Thanh Lương, Hai Bà Trưng, Hà Nội, Việt Nam",C297,75600,21.003125,105.8668833,Circle K 232 Lạc Trung,25200,1100,62e2cf8bfb8c560e0ddb0631
309,1659031766281,1659031766290,"33 P. Dương Văn Bé, Vĩnh Phú, Hai Bà Trưng, Hà Nội, Việt Nam",C309,75600,21.0002169,105.8722994,Circle K Dương Văn Bé,25200,1100,62e2d0d5fb8c560e0ddb0715
95,1658974933296,1658974933308,"384 Đ. Bạch Đằng, Chương Dương, Hoàn Kiếm, Hà Nội, Việt Nam",C95,73800,21.0218524,105.8627467,WinMart+ 384 Bạch Đằng,27000,1200,62e1f2d5a8246413de0ab828
239,1658997303420,1658997303444,"17 Phố Nguyễn Thượng Hiền, Nguyễn Du, Hai Bà Trưng, Hà Nội",C239,79200,21.018794,105.8426206,WinMart+ 17 Nguyễn Thượng Hiền,27000,1100,62e24a37a8246413de0ac4d6
4,1658895551541,1658895551559,"TTTM Vincom Nguyễn Chí Thanh, Sô 54A Nguyễn Chí Thanh, Phường Láng Thượng, Quận Đống Đa, Hà Nội",C4,75600,21.0234901,105.8093995,VinMart Nguyễn Chí Thanh,28800,1000,62e0bcbf2c553306621a1847
322,1659033669052,1659033669062,"118 P. Tuệ Tĩnh, Nguyễn Du, Hai Bà Trưng, Hà Nội, Việt Nam",C322,75600,21.0154738,105.8474265,Circle K - 118 P. Tuệ Tĩnh,25200,1100,62e2d844fb8c560e0ddb080c
59,1658901254549,1658901254567,"11 Ngô Sĩ Liên, Phường Văn Miếu, Quận Đống Đa, Thành phố Hà Nội",C59,74700,21.0275313,105.8389718,WinMart+ 11 Ngô Sĩ Liên,27900,1100,62e0d3062c553306621a27fc
62,1658972367482,1658972367490,"Tổ hợp nhà đa năng, ở 28 tầng, Trần Đăng Ninh, Làng Quốc tế Thăng Long, Cầu Giấy, Hà Nội, Việt Nam",C62,73800,21.0382547,105.7940821,WinMart Thăng Long,27000,1200,62e1e8cfa8246413de0ab5b5
167,1658980200225,1658980200232,"Vinmart+ đường P. Trần Điền, Khu đô thị Định Công, Hoàng Mai, Hà Nội, Việt Nam",C167,79200,20.9914504,105.8325043,WinMart+ Trần Điền,28800,1250,62e20767a8246413de0abd80
281,1658998556015,1658998556061,"84 Phố Bế Văn Đàn, Quang Trung, Hà Đông, Hà Nội",C281,79200,20.9688503,105.7721037,WinMart+ 84 Bế Văn Đàn - Hà Đông,27000,1100,62e24f1ba8246413de0ac7f4
228,1658996841027,1658996841038,"Chung cư N3- Nguyễn Công Trứ, Ngõ tập thể H5 Nguyễn Công Trứ, Phố Huế, Hai Bà Trưng, Hà Nội",C228,79200,21.0118107,105.8542049,WinMart+ N3 Nguyễn Công Trứ,27000,1100,62e24868a8246413de0ac405
123,1658976582740,1658976582750,"66 Đặng Tiến Đông, Phường Ô Chợ Dừa, Quận Đống Đa, Thành phố Hà Nội",C123,73800,21.0159499,105.8197992,WinMart+ 66 Đặng Tiến Đông,27000,1200,62e1f946a8246413de0aba3c
190,1658981157205,1658981157216,"87 Ngõ 192 Lê Trọng Tấn, Định Công, Thanh Xuân, Hà Nội",C190,79200,20.9928713,105.8292341,WinMart+ 87 Ngõ 192 Lê Trọng Tấn,28800,1250,62e20b24a8246413de0abf35
361,1659037097719,1659037097730,"81 Đ. Lê Đức Thọ, Mỹ Đình, Nam Từ Liêm, Hà Nội, Việt Nam",C361,79200,21.0301343,105.7693658,Điện máy xanh - 81 Lê Đức Thọ,28800,2100,62e2e5a9fb8c560e0ddb0af1
188,1658981090380,1658981090387,"353 Phố Nam Dư, Trần Phú, Hoàng Mai, Hà Nội",C188,79200,20.9792667,105.8864419,WinMart+ 353 Nam Dư,28800,1250,62e20ae2a8246413de0abf0f
208,1658996073287,1658996073294,"WinMart+, Ngõ 22 Phố Phú Viên, Bồ Đề, Long Biên, Hà Nội",C208,79200,21.0385769,105.8658909,WinMart+  Ngõ 22 Phố Phú Viên,27000,1300,62e24569a8246413de0ac17b
149,1658979160050,1658979160081,"165 P. Tô Hiệu, Dịch Vọng, Cầu Giấy, Hà Nội, Việt Nam",C149,79200,21.0415329,105.794327,WinMart+ Ngõ 76 Mai Dịch,28800,1250,62e20357a8246413de0abc2a
380,1659038190284,1659038190291,"Xóm 2, thôn, Quỳnh Đô, Thanh Trì, Hà Nội, Việt Nam",C380,79200,20.9836107,105.916052,Siêu thị Điện máy XANH - Quỳnh Đô,28800,2100,62e2e9edfb8c560e0ddb0c5a
58,1658901229727,1658901229738,"169 Đặng Tiến Đông, Phường Trung Liệt, Quận Đống Đa, Thành phố Hà Nội",C58,74700,21.0136536,105.8222912,WinMart+ 169 Đặng Tiến Đông,27900,1100,62e0d2ed2c553306621a27e9
333,1659034087580,1659034087587,"27 P. Đinh Tiên Hoàng, Hàng Trống, Hoàn Kiếm, Hà Nội, Việt Nam",C333,75600,21.032023,105.8525637,Circle K - 27 Đinh Tiên Hoàng,25200,1100,62e2d9e7fb8c560e0ddb08dd
317,1659032015194,1659032015202,"46 Lê Trọng Tấn, Khương Mai, Thanh Xuân, Hà Nội, Việt Nam",C317,75600,20.9997704,105.8277226,Circle K - 46 Lê Trọng Tấn,25200,1100,62e2d1cefb8c560e0ddb07ad
128,1658976847234,1658976847241,"150 Nguyễn Lương Bằng, Quang Trung, Đống Đa, Hà Nội, Việt Nam",C128,79200,21.0156452,105.8280662,WinMart+ 150 Nguyễn Lương Bằng,28800,1250,62e1fa4ea8246413de0aba9b
259,1658997932755,1658997932780,"Số 354-356 Mỹ Đình phường Mỹ Đình 1, Từ Liêm, Hà Nội, Việt Nam",C259,79200,21.0221606,105.771796,WinMart+ N4-A5 Mỹ Đình,27000,1100,62e24caca8246413de0ac652
283,1658998607362,1658998607369,"121 Đường Tô Hiệu, Nguyễn Trãi, Hà Đông, Hà Nội",C283,79200,20.9664591,105.7775736,WinMart+ 121-123 Tô Hiệu,27000,1100,62e24f4fa8246413de0ac81a
18,1658896393622,1658896393632,"Tầng 1 nhà CT7A, khu đô thị mới, Văn Quán, Yên Phúc, Hà Đông, Hà Nội, Việt Nam",C18,75600,20.9703841,105.7868365,WinMart Văn Quá,28800,1000,62e0c0092c553306621a1951
86,1658974645606,1658974645613,"Số 208L Lê Trọng Tấn, Phường Khương Mai, Quận Thanh Xuân, Hà Nội",C86,73800,20.99352,105.8316225,WinMart+ 208L Lê Trọng Tấn,27000,1200,62e1f1b5a8246413de0ab77d
185,1658980933677,1658980933714,"Liền kề C15 NƠ 19, khu đô thị mới, Hoàng Mai, Hà Nội, Việt Nam",C185,79200,20.9836984,105.8636257,WinMart+ C15 Nơ 19 Định Công,28800,1250,62e20a45a8246413de0abed6
369,1659037478758,1659037478766,"205 P. Tôn Đức Thắng, Hàng Bột, Đống Đa, Hà Nội, Việt Nam",C369,79200,21.0218032,105.8316837,"Siêu thị Điện máy XANH Tôn Đức Thắng, Đống Đa",28800,2100,62e2e726fb8c560e0ddb0b89
184,1658980865135,1658980865141,"9 Phố Thịnh Liệt, Thịnh Liệt, Hoàng Mai, Hà Nội",C184,79200,20.9740814,105.8412509,WinMart+ 9 Thịnh Liệt,28800,1250,62e20a00a8246413de0abec3
207,1658996035463,1658996035473,"51 Ngõ 53 Vũ Xuân Thiều, Sài Đồng, Long Biên, Hà Nội",C207,79200,21.0325032,105.9131525,WinMart+ 51 Ngõ 53 Vũ Xuân Thiều,27000,1300,62e24543a8246413de0ac168
103,1658975450666,1658975450675,"284 Tựu Liệt, Xã Tam Hiệp, Huyện Thanh Trì, Thành phố Hà Nội",C103,73800,20.9530705,105.8338115,"WinMart+ - 284 Tựu Liệt, Tam Hiệp, Thanh Trì",27000,1200,62e1f4daa8246413de0ab8c0
339,1659034396649,1659034396660,"138 P.Trung Hòa, Yên Hoà, Cầu Giấy, Hà Nội, Việt Nam",C339,75600,21.0171442,105.7992584,Circle k - 138 Trung Hòa,25200,1100,62e2db1cfb8c560e0ddb094f
160,1658979724730,1658979724740,"47 Đ. Khương Đình, Thượng Đình, Thanh Xuân, Hà Nội, Việt Nam",C160,79200,20.9967425,105.8136954,WinMart+ 47 Khương Đình,28800,1250,62e2058ca8246413de0abcfb
9,1658895857396,1658895857428,"51 Xuân Diệu, Phường Quảng An, Quận Tây Hồ, Thành phố Hà Nội",C9,75600,21.0645134,105.8278671,VinMart Xuân Diệu,28800,1000,62e0bdf02c553306621a18a6
243,1658997432797,1658997432807,"164 Trương Định, Hai Bà Trưng, Hà Nội",C243,79200,20.9917364,105.849069,WinMart+ 164 Trương Định,27000,1100,62e24ab8a8246413de0ac522
200,1658981525455,1658981525461,"VinMart+, Ngõ 564 Nguyễn Văn Cừ, Gia Thụy, Long Biên, Hà Nội",C200,79200,21.0498836,105.886032,WinMart+ 564 Nguyễn Văn Cừ,28800,1250,62e20c95a8246413de0abff3
45,1658900660654,1658900660668,"575 La Thành, Phường Thành Công, Quận Ba Đình, Thành phố Hà Nội",C45,74700,21.0237555,105.8171405,WinMart+ 575 La Thành,27900,1100,62e0d0b42c553306621a26f2
199,1658981478641,1658981478653,"Số 18 Phố Lệ Mật, Việt Hưng, Long Biên, Hà Nội, Việt Nam",C199,79200,21.0537122,105.9007115,WinMart+ 18 Lệ Mật,28800,1250,62e20c66a8246413de0abfe0
260,1658997971564,1658997971571,"96 Đ. Mỹ Đình, Mỹ Đình, Từ Liêm, Hà Nội, Việt Nam",C260,79200,21.028823,105.7752222,WinMart+  Mỹ Đình,27000,1100,62e24cd3a8246413de0ac665
230,1658996899757,1658996899769,"37 Phố Lê Quý Đôn, Bạch Đằng, Hai Bà Trưng, Hà Nội",C230,79200,21.0131938,105.8621605,WinMart+ 37 Lê Quý Đôn,27000,1100,62e248a3a8246413de0ac42b
52,1658901032505,1658901032529,"26B Hòe Nhai, Phường Nguyễn Trung Trực, Quận Ba Đình, Thành phố Hà Nội",C52,74700,21.0412286,105.8462804,WinMart+ 26B Hòe Nhai,27900,1100,62e0d2272c553306621a2777
267,1658998218240,1658998218251,"5 Nhật Tảo, Đông Ngạc, Từ Liêm, Hà Nội",C267,79200,21.087577,105.7868327,WinMart+ 5 Nhật Tảo,27000,1100,62e24dc9a8246413de0ac6ea
276,1658998432843,1658998432852,"271 Đường Nguyễn Hoàng Tôn, Xuân Tảo, Từ Liêm, Hà Nội",C276,79200,21.0727818,105.8024247,WinMart+ 271 Nguyễn Hoàng Tôn,27000,1100,62e24ea0a8246413de0ac795
319,1659032073486,1659032073493,"49 P. Hàng Chuối, Phạm Đình Hổ, Hai Bà Trưng, Hà Nội, Việt Nam",C319,75600,21.0161859,105.8579515,Circle K - 49 P. Hàng Chuối,25200,1100,62e2d209fb8c560e0ddb07d3
133,1658977001875,1658977001886,"28 P. Tôn Đức Thắng, Cát Linh, Đống Đa, Hà Nội, Việt Nam",C133,79200,21.0293688,105.8351715,WinMart+ 28 Tôn Đức Thắng,28800,1250,62e1fae9a8246413de0abafa
79,1658973954531,1658973954542,"Trung tâm thương mại Center Long Biên, Phường Việt Hưng, Quận Long Biên, Thành Phố Hà Nội",C79,73800,21.0575538,105.9024322,WinMart Long Biên,27000,1200,62e1ef02a8246413de0ab6f8
248,1658997558528,1658997558541,"17A Phố Hàn Thuyên, Phạm Đình Hồ, Hai Bà Trưng, Hà Nội",C248,79200,21.0186167,105.8567891,WinMart+ 17A Hàn Thuyên,27000,1100,62e24b36a8246413de0ac581
129,1658976875215,1658976875222,"19 P. Lương Định Của, Kim Liên, Đống Đa, Hà Nội, Việt Nam",C129,79200,21.0062934,105.8355421,WinMart+ 19 Lương Đình Của,28800,1250,62e1fa6aa8246413de0abaae
16,1658896206365,1658896206382,"Tòa nhà CT1A Khu Đô Thị Tân Tây Đô, Xã Tân Lập, Huyện Đan Phượng, TP Hà Nội",C16,75600,21.0741291,105.7007906,VinMart Hoài Đức,28800,1000,62e0bf4d2c553306621a192b
244,1658997468405,1658997468417,"35b Nguyễn Bỉnh Khiêm, Nguyễn Du, Hai Bà Trưng, Hà Nội",C244,79200,21.0159558,105.8486237,WinMart+ 35B Nguyễn Bỉnh Khiêm,27000,1100,62e24adca8246413de0ac535
78,1658973896697,1658973896707,"Chung cư CT1, Ao Hoàng Cầu, Phường Ô Chợ Dừa, Quận Đống Đa, Hà Nội",C78,73800,21.0190152,105.8269878,WinMart Hoàng Cầu,27000,1200,62e1eec8a8246413de0ab6e5
